tok	cat
Unter	x
den	x
vielen	x
Vöglein	x
,	x
die	x
in	x
Wald	x
und	x
Feld	x
herumfliegen	x
und	x
singen	x
und	x
zwitschern	x
,	x
gibt	x
es	x
einen	x
ganzen	x
kleinen	x
,	x
bunten	x
Vogel	x
,	x
der	x
kleinste	x
von	x
allen	x
,	x
den	x
nennen	x
die	x
großen	x
und	x
gelehrten	x
Leute	x
den	x
Zaunkönig	x
.	x
Die	x
Kinder	x
aber	x
und	x
die	x
einfältigen	x
Leute	x
,	x
zu	x
denen	x
die	x
Tante	x
auch	x
gehört	x
,	x
die	x
sagen	x
,	x
wenn	x
er	x
vorüberfliegt	x
:	x
»	x
Das	x
ist	x
der	x
liebe	x
Christkindvogel	x
!	x
«	x
Freilich	x
wissen	x
sie	x
kaum	x
,	x
weshalb	indirect
er	indirect
so	indirect
heißt	indirect
,	x
die	x
Tante	x
weiß	x
es	x
aber	x
und	x
erzählt	x
es	x
dem	x
Mathildchen	x
und	x
dem	x
Georg	x
folgendermaßen	x
:	x
»	x
Ich	x
habe	x
euch	x
noch	x
gar	x
nicht	x
gesagt	x
,	x
daß	indirect
vier	indirect
Wochen	indirect
vor	indirect
Weihnachten	indirect
der	indirect
Nikolaus	indirect
auf	indirect
dem	indirect
freien	indirect
Platz	indirect
droben	indirect
auf	indirect
dem	indirect
Böllstein	indirect
jeden	indirect
Abend	indirect
ein	indirect
großes	indirect
Feuer	indirect
anzündet	indirect
,	x
das	x
ist	x
das	x
Weihnachtsfeuer	x
.	x
Daran	x
wärmen	x
sie	x
sich	x
,	x
er	x
und	x
das	x
Christkindchen	x
,	x
wenn	x
sie	x
in	x
der	x
Nacht	x
ganz	x
erfroren	x
heimkommen	x
,	x
und	x
dann	x
bleiben	x
sie	x
oft	x
bis	x
zum	x
Morgen	x
dabei	x
sitzen	x
und	x
arbeiten	x
für	x
die	x
Weihnachtsbescherung	x
.	x
Da	x
geschah	x
es	x
aber	x
einmal	x
vor	x
langer	x
,	x
langer	x
Zeit	x
,	x
daß	x
der	x
Nikolaus	x
neben	x
dem	x
Feuer	x
einschlief	x
,	x
statt	x
zur	x
rechten	x
Zeit	x
Holz	x
nachzulegen	x
,	x
und	x
das	x
war	x
ein	x
rechtes	x
Unglück	x
,	x
denn	x
es	x
begab	x
sich	x
grade	x
am	x
Weihnachtstag	x
,	x
und	x
einen	x
dümmeren	x
Streich	x
hätte	x
der	x
Nikolaus	x
gar	x
nicht	x
machen	x
können	x
.	x
Als	x
das	x
Christkindchen	x
herauskam	x
und	x
sein	x
Kerzchen	x
anzünden	x
wollte	x
,	x
mit	x
dem	x
es	x
die	x
Weihnachtsbäume	x
anbrennt	x
,	x
da	x
war	x
auch	x
nicht	x
das	x
kleinste	x
Köhlchen	x
in	x
der	x
Asche	x
mehr	x
aufzufinden	x
,	x
obgleich	x
der	x
Nikolaus	x
wie	x
ein	x
Blasebalg	x
hineinblies	x
,	x
daß	x
ihm	x
der	x
Staub	x
in	x
die	x
Kehle	x
flog	x
und	x
die	x
Asche	x
ins	x
Gesicht	x
.	x
Seitdem	x
ist	x
seine	x
Stimme	x
noch	x
viel	x
rauher	x
geworden	x
und	x
sein	x
Gesicht	x
noch	x
einmal	x
so	x
dunkel	x
als	x
vorher	x
.	x
Es	x
war	x
aber	x
gar	x
nichts	x
zu	x
machen	x
.	x
Aus	x
war	x
das	x
Feuer	x
und	x
guter	x
Rat	x
teuer	x
.	x
Zündhölzchen	x
,	x
die	x
man	x
hätte	x
anstreichen	x
können	x
,	x
gab	x
es	x
damals	x
noch	x
nicht	x
,	x
und	x
wenn	x
auch	x
der	x
Nikolaus	x
endlich	x
ganz	x
unten	x
aus	x
seinem	x
Sack	x
einen	x
Feuerstahl	x
und	x
ein	x
Stückchen	x
Zunder	x
herauskramte	x
,	x
so	x
war	x
damit	x
doch	x
nicht	x
geholfen	x
.	x
Er	x
hatte	x
auch	x
da	x
nicht	x
acht	x
gegeben	x
,	x
hatte	x
den	x
Sack	x
im	x
Schnee	x
liegen	x
lassen	x
,	x
nun	x
war	x
der	x
Schwamm	x
naß	x
,	x
und	x
wie	x
er	x
auch	x
draufschlug	x
und	x
sich	x
die	x
Finger	x
zerhieb	x
,	x
kein	x
Fünkchen	x
,	x
das	x
aus	x
dem	x
Stahl	x
sprang	x
,	x
konnte	x
zünden	x
.	x
Das	x
gute	x
Christkindchen	x
war	x
da	x
zum	x
erstenmal	x
in	x
seinem	x
Leben	x
bitterböse	x
,	x
und	x
es	x
hätte	x
gern	x
den	x
Nikolaus	x
fortgejagt	x
,	x
wenn	x
es	x
nur	x
gleich	x
einen	x
andern	x
gehabt	x
hätte	x
.	x
Wo	x
sollte	x
man	x
nun	x
Licht	x
herbekommen	x
?	x
Es	x
blieb	x
gar	x
nichts	x
anders	x
übrig	x
,	x
als	x
sich	x
droben	x
bei	x
der	x
lieben	x
Mama	x
Sonne	x
ein	x
Strählchen	x
auszubitten	x
.	x
Wer	x
konnte	x
aber	x
den	x
weiten	x
,	x
weiten	x
Weg	x
bis	x
zu	x
ihr	x
in	x
der	x
Geschwindigkeit	x
hinauffliegen	x
?	x
Der	x
Nikolaus	x
,	x
dem	x
es	x
von	x
Rechts	x
wegen	x
zugekommen	x
wäre	x
,	x
hatte	x
keine	x
Flügel	x
,	x
und	x
wenn	x
er	x
sich	x
in	x
seinem	x
Pelzrock	x
auch	x
noch	x
so	x
sehr	x
aufgeblasen	x
hätte	x
,	x
er	x
wäre	x
ja	x
noch	x
nicht	x
bis	x
über	x
die	x
kleinste	x
Fichte	x
hinausgekommen	x
.	x
Das	x
Christkind	x
hatte	x
wohl	x
Flügel	x
und	x
hätte	x
es	x
schon	x
eher	x
wagen	x
können	x
,	x
aber	x
es	x
hing	x
traurig	x
den	x
Kopf	x
und	x
sagte	x
:	x
›Der	x
lieben	x
Sonne	x
bin	x
ich	x
von	x
weitem	x
gar	x
zu	x
gut	x
,	x
aber	x
nahe	x
bei	x
ihr	x
ist	x
es	x
so	x
brennend	x
heiß	x
,	x
daß	x
gewiß	x
mein	x
ganzes	x
Gesicht	x
schwarz	x
davon	x
würde	x
.	x
Was	x
soll	x
ich	x
aber	x
mit	x
einem	x
schwarzen	x
Gesicht	x
?	x
Da	x
würden	x
sich	x
die	x
Kinder	x
auch	x
vor	x
mir	x
fürchten	x
wie	x
vor	x
dem	x
Nikolaus	x
,	x
und	x
würden	x
mich	x
nur	x
noch	x
mit	x
Zittern	x
und	x
Zagen	x
lieben	x
,	x
wenn	x
ich	x
ihnen	x
auch	x
die	x
schönsten	x
Gaben	x
brächte	x
.	x
Das	x
darf	x
nicht	x
sein	x
,	x
und	x
außerdem	x
ist	x
der	x
Weg	x
so	x
weit	x
,	x
daß	x
ich	x
erst	x
morgen	x
früh	x
wiederkäme	x
!	x
‹	x
Das	x
Christkind	x
sprach	x
ganz	x
verständig	x
,	x
und	x
außerdem	x
ist	x
es	x
ja	x
auch	x
ein	x
Mägdlein	x
,	x
dem	x
man	x
es	x
nicht	x
übelnehmen	x
kann	x
,	x
wenn	x
es	x
lieber	x
ein	x
schönes	x
,	x
helles	x
Gesicht	x
als	x
ein	x
schwarzes	x
haben	x
mag	x
.	x
Auf	x
einmal	x
fiel	x
ihm	x
etwas	x
Schönes	x
ein	x
.	x
Es	x
schüttelte	x
die	x
blonden	x
Locken	x
zurück	x
,	x
die	x
ihm	x
beim	x
Nachdenken	x
über	x
die	x
Stirne	x
gefallen	x
waren	x
,	x
lachte	x
fröhlich	x
auf	x
und	x
schellte	x
laut	x
mit	x
seinem	x
silbernen	x
Schellchen	x
,	x
daß	x
es	x
weithin	x
durch	x
den	x
Wald	x
erklang	x
und	x
die	x
Kinder	x
im	x
Tale	x
es	x
hörten	x
und	x
glaubten	x
,	x
jetzt	indirect
sei	indirect
das	indirect
Christkind	indirect
schon	indirect
da	indirect
.	indirect
Sie	x
waren	x
aber	x
freilich	x
angeführt	x
.	x
Im	x
Wald	x
jedoch	x
ward	x
es	x
auf	x
einmal	x
lebendig	x
;	x
es	x
raschelte	x
und	x
flatterte	x
und	x
zwitscherte	x
wie	x
von	x
tausend	x
Vöglein	x
–	x
und	x
wirklich	x
,	x
da	x
kamen	x
sie	x
alle	x
herbei	x
,	x
die	x
im	x
Walde	x
wohnten	x
,	x
groß	x
und	x
klein	x
.	x
Sie	x
kannten	x
Christkindchens	x
Glöcklein	x
gar	x
wohl	x
und	x
wußten	x
,	x
daß	indirect
es	indirect
ihnen	indirect
jedes	indirect
Jahr	indirect
auch	indirect
beschere	indirect
.	indirect
Die	x
Masse	x
von	x
Krümchen	x
,	x
die	x
sich	x
das	x
Jahr	x
über	x
in	x
dem	x
Sack	x
des	x
Nikolaus	x
aufhäuften	x
,	x
wurden	x
den	x
Vöglein	x
am	x
Weihnachtsabend	x
hingestreut	x
und	x
schmeckten	x
ihnen	x
gar	x
zu	x
gut	x
.	x
Sie	x
glaubten	x
alle	x
,	x
sie	indirect
seien	indirect
deshalb	indirect
herbeigerufen	indirect
,	x
irrten	x
sich	x
aber	x
ebenso	x
gewaltig	x
wie	x
die	x
Kinder	x
im	x
Tale	x
.	x
Der	x
Boden	x
war	x
zwar	x
reingefegt	x
,	x
aber	x
es	x
lag	x
nichts	x
darauf	x
als	x
die	x
Asche	x
,	x
die	x
Nikolaus	x
beim	x
Blasen	x
aufgewirbelt	x
.	x
Die	x
Vöglein	x
waren	x
sehr	x
erstaunt	x
und	x
fingen	x
gleich	x
an	x
,	x
untereinander	x
darüber	x
zu	x
schwatzen	x
,	x
und	x
eines	x
fragte	x
das	x
andere	x
,	x
warum	indirect
ihre	indirect
Krumen	indirect
nicht	indirect
da	indirect
seien	indirect
.	indirect
Sie	x
dachten	x
,	x
wie	x
es	x
oft	x
auch	x
die	x
Menschen	x
tun	x
,	indirect
weil	indirect
sie	indirect
das	indirect
einmal	indirect
bekommen	indirect
hätten	indirect
,	indirect
sei	indirect
es	indirect
nun	indirect
ihr	indirect
Recht	indirect
,	indirect
und	indirect
es	indirect
müsse	indirect
immer	indirect
so	indirect
sein	indirect
.	indirect
Wie	x
sie	x
nun	x
im	x
lautesten	x
Schwatzen	x
waren	x
,	x
schellte	x
das	x
Christkind	x
noch	x
einmal	x
und	x
rief	x
dann	x
,	x
so	x
laut	x
es	x
konnte	x
:	x
›Stille	x
!	x
‹	x
Die	x
Vöglein	x
schwiegen	x
,	x
und	x
das	x
Christkind	x
fuhr	x
fort	x
:	x
›Ihr	x
lieben	x
Vöglein	x
,	x
ich	x
bin	x
in	x
großer	x
Verlegenheit	x
und	x
weiß	x
mir	x
keinen	x
Rat	x
;	x
wer	x
von	x
euch	x
will	x
mir	x
einen	x
Gefallen	x
tun	x
?	x
‹	x
Da	x
rief	x
es	x
in	x
allen	x
Tonarten	x
,	x
hoch	x
und	x
niedrig	x
,	x
dumpf	x
und	x
helle	x
:	x
›Ich	x
!	x
–	x
Ich	x
!	x
–	x
Ich	x
!	x
‹	x
›Ach	x
,	x
wie	x
gut	x
seid	x
ihr	x
,	x
‹	x
sagte	x
das	x
Christkindchen	x
,	x
›ich	x
wußte	x
wohl	x
,	x
daß	indirect
ihr	indirect
mir	indirect
helfen	indirect
würdet	indirect
,	x
jetzt	x
hört	x
nur	x
:	x
Seht	x
,	x
der	x
böse	x
Nikolaus	x
,	x
der	x
war	x
nachlässig	x
und	x
hat	x
das	x
Feuer	x
ausgehen	x
und	x
den	x
Zunder	x
naß	x
werden	x
lassen	x
.	x
Jetzt	x
habe	x
ich	x
kein	x
Licht	x
,	x
womit	x
ich	x
den	x
vielen	x
Kindlein	x
,	x
die	x
auf	x
mich	x
warten	x
,	x
die	x
Christbäume	x
anzünden	x
kann	x
.	x
Es	x
muß	x
neues	x
Licht	x
von	x
der	x
Sonne	x
heruntergeholt	x
werden	x
;	x
wer	x
von	x
euch	x
will	x
für	x
mich	x
hinauffliegen	x
und	x
mir	x
von	x
der	x
lieben	x
,	x
guten	x
Sonne	x
einen	x
Strahl	x
herunterbringen	x
?	x
‹	x
So	x
lebhaft	x
die	x
Vögel	x
vorhin	x
gewesen	x
,	x
so	x
mäuschenstill	x
wurden	x
sie	x
jetzt	x
;	x
sie	x
hatten	x
nicht	x
gedacht	x
,	x
daß	indirect
das	indirect
Christkind	indirect
ein	indirect
so	indirect
großes	indirect
Wagstück	indirect
von	indirect
ihnen	indirect
verlangen	indirect
würde	indirect
,	x
und	x
überdies	x
ist	x
versprechen	x
immer	x
leichter	x
als	x
halten	x
.	x
Da	x
sie	x
alle	x
›Ich	x
!	x
‹	x
gerufen	x
,	x
so	x
sah	x
einer	x
den	x
andern	x
an	x
,	x
und	x
jeder	x
dachte	x
,	x
sein	indirect
Nachbar	indirect
würde	indirect
das	indirect
›Ich	indirect
!	indirect
‹	indirect
wiederholen	indirect
.	indirect
Als	x
keiner	x
etwas	x
sagte	x
,	x
fragte	x
das	x
Christkind	x
ganz	x
traurig	x
:	x
›Nun	x
,	x
will	x
mir	x
keiner	x
von	x
euch	x
den	x
Gefallen	x
tun	x
?	x
‹	x
Da	x
räusperte	x
sich	x
der	x
Spatz	x
und	x
sagte	x
:	x
›Ja	x
,	x
siehst	x
du	x
,	x
liebes	x
Christkindchen	x
,	x
ich	x
tue	x
dir	x
alles	x
gern	x
zu	x
Gefallen	x
,	x
aber	x
das	x
ist	x
zuviel	x
verlangt	x
;	x
wegen	x
meiner	x
flöge	x
ich	x
schon	x
da	x
hinauf	x
,	x
aber	x
ich	x
bin	x
Familienvater	x
und	x
darf	x
mich	x
meiner	x
Frau	x
und	x
meiner	x
Kinder	x
wegen	x
der	x
Gefahr	x
nicht	x
aussetzen	x
,	x
zu	x
nahe	x
an	x
die	x
Sonne	x
zu	x
kommen	x
!	x
‹	x
Als	x
er	x
geendet	x
,	x
warf	x
er	x
sich	x
in	x
die	x
Brust	x
,	x
sah	x
im	x
Kreis	x
herum	x
,	x
und	x
die	x
Vögel	x
,	x
die	x
auch	x
Familie	x
hatten	x
,	x
nickten	x
ihm	x
Beifall	x
zu	x
.	x
Dann	x
hörte	x
man	x
ein	x
schmelzendes	x
Girren	x
,	x
und	x
die	x
liebe	x
Sängerin	x
,	x
die	x
Nachtigall	x
,	x
begann	x
zu	x
zwitschern	x
:	x
›Es	x
schmerzt	x
mich	x
in	x
tiefster	x
Seele	x
,	x
teures	x
Christkind	x
,	x
daß	x
ich	x
dir	x
die	x
Bitte	x
abschlagen	x
muß	x
,	x
aber	x
–	x
du	x
wirst	x
dies	x
ja	x
selbst	x
einsehen	x
–	x
wie	x
kann	x
ich	x
meine	x
himmlische	x
Stimme	x
an	x
eine	x
so	x
gefährliche	x
Reise	x
wagen	x
?	x
Bei	x
der	x
Sonne	x
ist	x
es	x
furchtbar	x
heiß	x
,	x
hier	x
unten	x
kalt	x
,	x
ich	x
bekäme	x
den	x
Schnupfen	x
,	x
würde	x
heiser	x
–	x
mein	x
Gott	x
,	x
wer	x
sollte	x
denn	x
da	x
im	x
nächsten	x
Frühjahr	x
Busch	x
und	x
Wald	x
und	x
alle	x
liebenden	x
Herzen	x
mit	x
seinem	x
Gesang	x
entzücken	x
?	x
‹	x
Was	x
konnte	x
Christkind	x
dazu	x
sagen	x
?	x
Es	x
nickte	x
,	x
ohne	x
ein	x
Wort	x
zu	x
sprechen	x
,	x
und	x
sah	x
sich	x
dann	x
fragend	x
und	x
trauernd	x
im	x
ganzen	x
Kreise	x
um	x
;	x
grade	x
auf	x
die	x
Nachtigall	x
,	x
die	x
ja	x
doch	x
als	x
Künstlerin	x
ein	x
großes	x
Herz	x
haben	x
mußte	x
,	x
hatte	x
es	x
im	x
stillen	x
am	x
meisten	x
gerechnet	x
.	x
›Geschätzte	x
Freundin	x
,	x
‹	x
hob	x
nun	x
der	x
Dompfaffe	x
an	x
,	x
›ich	x
bin	x
stets	x
bereit	x
zu	x
allen	x
guten	x
Werken	x
,	x
aber	x
es	x
steht	x
geschrieben	x
:	x
›Wer	x
sich	x
mutwillig	x
in	x
Gefahr	x
begibt	x
,	x
kommt	x
darinnen	x
um.‹	x
Der	x
Flug	x
,	x
den	x
du	x
uns	x
da	x
zumutest	x
,	x
ist	x
für	x
unsere	x
Fittiche	x
zu	x
hoch	x
;	x
aber	x
selbst	x
wenn	x
ich	x
ihn	x
unternehmen	x
wollte	x
,	x
so	x
dürfte	x
ich	x
nicht	x
–	x
denn	x
wer	x
sollte	x
hier	x
im	x
Walde	x
Sitte	x
und	x
Ordnung	x
aufrechterhalten	x
,	x
wenn	x
ich	x
verdürbe	x
?	x
‹	x
›Ja	x
,	x
ja‹	x
schnatterte	x
die	x
Elster	x
dazwischen	x
,	x
›der	x
würdige	x
Herr	x
Dompfaffe	x
hat	x
ganz	x
recht	x
.	x
Er	x
muß	x
bei	x
uns	x
bleiben	x
,	x
und	x
ich	x
kann	x
mich	x
auch	x
durchaus	x
nicht	x
auf	x
die	x
Reise	x
einlassen	x
.	x
Auf	x
morgen	x
bin	x
ich	x
zu	x
der	x
Drossel	x
auf	x
ein	x
Gericht	x
Würmer	x
eingeladen	x
,	x
auf	x
übermorgen	x
zu	x
Wiedehopfs	x
,	x
und	x
so	x
die	x
ganze	x
Woche	x
fort	x
.	x
Gott	x
,	x
wie	x
schrecklich	x
,	x
wenn	x
ich	x
mich	x
beschädigte	x
und	x
daheim	x
bleiben	x
müßte	x
;	x
die	x
ganze	x
Gesellschaft	x
stürbe	x
vor	x
Langeweile	x
!	x
‹	x
Christkindchen	x
wendete	x
sich	x
unmutig	x
weg	x
,	x
aber	x
die	x
Not	x
war	x
gar	x
zu	x
groß	x
,	x
darum	x
legte	x
es	x
sich	x
noch	x
einmal	x
aufs	x
Bitten	x
.	x
›Und	x
du	x
,	x
Lerche	x
,	x
‹	x
sagte	x
es	x
liebreich	x
,	x
›willst	x
du	x
mir	x
nicht	x
helfen	x
?	x
Du	x
kannst	x
ja	x
doch	x
höher	x
fliegen	x
und	x
schwärmen	x
als	x
alle	x
anderen	x
Vögel.‹	x
Die	x
Lerche	x
hob	x
ihr	x
Köpfchen	x
auf	x
,	x
hing	x
es	x
auf	x
eine	x
Seite	x
,	x
sah	x
zuerst	x
Christkindchen	x
schmachtend	x
an	x
und	x
dann	x
wieder	x
zur	x
Erde	x
.	x
Endlich	x
schien	x
sie	x
Worte	x
zu	x
finden	x
und	x
flötete	x
leise	x
:	x
›Liebes	x
Christkind	x
,	x
ich	x
fürchte	x
mich	x
;	x
ich	x
bin	x
so	x
zart	x
und	x
fein	x
,	x
und	x
es	x
wäre	x
gar	x
unweiblich	x
von	x
mir	x
,	x
wenn	x
ich	x
mehr	x
Mut	x
haben	x
wollte	x
als	x
die	x
Männer.‹	x
So	x
war	x
auch	x
diese	x
Hoffnung	x
dahin	x
–	x
dem	x
Christkindchen	x
liefen	x
zwei	x
große	x
Tränen	x
über	x
die	x
rosigen	x
Wangen	x
,	x
und	x
es	x
hörte	x
kaum	x
,	x
wie	x
der	x
Specht	x
klapperte	x
:	x
›Welche	x
Zumutung	x
,	x
an	x
die	x
Sonne	x
zu	x
fliegen	x
!	x
Bedanke	x
mich	x
schönstens	x
;	x
ich	x
habe	x
genug	x
zu	x
tun	x
,	x
wenn	x
ich	x
mein	x
redlich	x
Teil	x
klappere	x
und	x
rassele	x
,	x
das	x
gehört	x
zum	x
Handwerk	x
,	x
und	x
alles	x
übrige	x
geht	x
mich	x
nichts	x
an	x
!	x
‹	x
›Schweigt	x
nur	x
,	x
‹	x
rief	x
Christkind	x
entrüstet	x
,	x
›und	x
fliegt	x
wieder	x
in	x
eure	x
Nester	x
;	x
setzt	x
euch	x
recht	x
warm	x
darin	x
zu	x
recht	x
und	x
freut	x
euch	x
,	x
daß	x
ihr	x
das	x
Leben	x
habt	x
.	x
Es	x
ist	x
mir	x
nur	x
leid	x
,	x
daß	x
ich	x
euch	x
gerufen	x
.	x
Meine	x
armen	x
Kinder	x
bekommen	x
nun	x
freilich	x
dieses	x
Jahr	x
keine	x
Christbäume	x
!	x
‹	x
Und	x
doch	x
!	x
Und	x
doch	x
!	x
Leise	x
schwirrte	x
es	x
durch	x
die	x
Luft	x
,	x
und	x
im	x
nächsten	x
Augenblick	x
saß	x
ein	x
ganz	x
kleines	x
,	x
unscheinbares	x
Vöglein	x
von	x
grauer	x
Farbe	x
,	x
das	x
aber	x
ein	x
zierliches	x
Krönlein	x
auf	x
dem	x
Kopfe	x
trug	x
,	x
welches	x
ihm	x
ein	x
ganz	x
besonderes	x
Ansehn	x
gab	x
,	x
auf	x
Christkinds	x
Schultern	x
.	x
›Ich	x
will	x
hinfliegen	x
,	x
Christkindchen	x
,	x
‹	x
sagte	x
es	x
mit	x
einem	x
feinen	x
Stimmchen	x
,	x
›und	x
habe	x
nur	x
gewartet	x
,	x
bis	x
die	x
großen	x
und	x
vornehmen	x
Herren	x
Vögel	x
gesprochen	x
.	x
Da	x
sie	x
verhindert	x
sind	x
,	x
so	x
ist	x
es	x
nicht	x
unbescheiden	x
von	x
mir	x
,	x
wenn	x
ich	x
dir	x
meine	x
Hilfe	x
anbiete.‹	x
Ei	x
,	x
ei	x
,	x
wie	x
streckten	x
da	x
die	x
vornehmen	x
Herren	x
Vögel	x
die	x
Hälse	x
neugierig	x
aus	x
und	x
blähten	x
sich	x
auf	x
und	x
schüttelten	x
verächtlich	x
mit	x
den	x
Köpfen	x
!	x
Dabei	x
zischelten	x
sie	x
:	x
›Ei	x
der	x
Tausend	x
,	x
seht	x
einmal	x
den	x
Herrn	x
Zaunkönig	x
an	x
,	x
wie	x
patzig	x
der	x
sich	x
macht	x
!	x
‹	x
Christkindlein	x
aber	x
weinte	x
jetzt	x
vor	x
Freude	x
;	x
es	x
drückte	x
das	x
Vöglein	x
an	x
seine	x
Brust	x
,	x
küßte	x
es	x
und	x
rief	x
:	x
›Flieg	x
,	x
mein	x
lieber	x
,	x
kleiner	x
Vogel	x
,	x
flieg	x
!	x
Du	x
sollst	x
mir	x
auch	x
fortan	x
der	x
liebste	x
im	x
ganzen	x
Walde	x
sein	x
!	x
‹	x
Und	x
das	x
Vöglein	x
flog	x
,	x
flog	x
,	x
flog	x
,	x
bis	x
nur	x
noch	x
ein	x
schwarzes	x
Pünktchen	x
und	x
dann	x
gar	x
nichts	x
mehr	x
von	x
ihm	x
zu	x
sehen	x
war	x
.	x
Keines	x
rührte	x
sich	x
von	x
seinem	x
Platze	x
,	x
und	x
alles	x
sah	x
hinauf	x
in	x
die	x
Höhe	x
,	x
und	x
Christkindchens	x
blaue	x
Augen	x
leuchteten	x
in	x
überirdischer	x
Freude	x
.	x
Es	x
war	x
auch	x
Christkindlein	x
,	x
das	x
wieder	x
zuerst	x
ganz	x
oben	x
am	x
Himmel	x
einen	x
hellen	x
Punkt	x
erblickte	x
;	x
der	x
Punkt	x
kam	x
näher	x
und	x
näher	x
,	x
bald	x
glänzte	x
er	x
wie	x
ein	x
leuchtender	x
Stern	x
und	x
dann	x
wie	x
eine	x
kleine	x
Sonne	x
,	x
die	x
bald	x
darauf	x
zu	x
Christkindchens	x
Füßen	x
niedersank	x
.	x
Wer	x
konnte	x
das	x
anders	x
sein	x
als	x
der	x
liebe	x
Zaunkönig	x
,	x
der	x
wirklich	x
dem	x
Christkind	x
einen	x
Sonnenstrahl	x
im	x
Schnäblein	x
mitbrachte	x
!	x
Schnell	x
brannte	x
Christkind	x
sein	x
Kerzchen	x
an	x
,	x
ehe	x
der	x
Strahl	x
erlosch	x
,	x
und	x
dann	x
bückte	x
es	x
sich	x
,	x
um	x
nach	x
dem	x
Zaunkönig	x
zu	x
sehen	x
,	x
der	x
noch	x
erschöpft	x
am	x
Boden	x
lag	x
.	x
Oh	x
,	x
lieber	x
Himmel	x
,	x
wie	x
sah	x
der	x
arme	x
Schelm	x
aus	x
!	x
Die	x
andern	x
Vögel	x
hatten	x
wohl	x
recht	x
gehabt	x
,	x
man	indirect
fliegt	indirect
nicht	indirect
ungestraft	indirect
zur	indirect
Sonne	indirect
,	x
aber	x
derjenige	x
,	x
dem	x
so	x
recht	x
nach	x
dem	x
Lichte	x
verlangt	x
,	x
tut	x
es	x
doch	x
,	x
und	x
wenn	x
er	x
sich	x
auch	x
die	x
Flügel	x
dabei	x
versengt	x
.	x
Denkt	x
euch	x
,	x
Kinder	x
,	x
der	indirect
arme	indirect
Zaunkönig	indirect
hatte	indirect
nicht	indirect
ein	indirect
Federchen	indirect
mehr	indirect
auf	indirect
dem	indirect
Leib	indirect
,	x
denn	x
die	x
heißen	x
Sonnenstrahlen	x
hatten	x
sie	x
alle	x
weggebrannt	x
,	x
und	x
er	x
zitterte	x
und	x
fror	x
,	x
daß	x
es	x
zum	x
Erbarmen	x
war	x
.	x
›Das	x
hat	x
er	x
nun	x
davon	x
!	x
‹	x
erklärte	x
salbungsvoll	x
der	x
Dompfaffe	x
,	x
und	x
die	x
Elster	x
nickte	x
mit	x
dem	x
Kopf	x
und	x
schrie	x
:	x
›Ich	x
werde	x
es	x
jeden	x
Tag	x
als	x
warnendes	x
Beispiel	x
meinen	x
Kindern	x
erzählen	x
!	x
‹	x
Die	x
Nachtigall	x
schwieg	x
,	x
denn	x
im	x
Grunde	x
ihres	x
Herzens	x
schämte	x
sie	x
sich	x
doch	x
ein	x
wenig	x
und	x
mißgönnte	x
dem	x
Zaunkönig	x
fast	x
seinen	x
nackten	x
Leib	x
.	x
Indessen	x
hatte	x
aber	x
der	x
Nikolaus	x
schnell	x
seine	x
Pelzmütze	x
abgerissen	x
,	x
obgleich	x
er	x
sich	x
tüchtig	x
die	x
Ohren	x
dabei	x
erfror	x
,	x
und	x
bettete	x
den	x
Zaunkönig	x
hinein	x
,	x
damit	indirect
er	indirect
nicht	indirect
erfriere	indirect
,	indirect
bis	indirect
er	indirect
ein	indirect
neues	indirect
Kleidchen	indirect
bekommen	indirect
.	indirect
Dazu	x
mußte	x
schnell	x
Rat	x
geschafft	x
werden	x
.	x
Christkind	x
rührte	x
wieder	x
an	x
sein	x
Schellchen	x
und	x
rief	x
dann	x
:	x
›Ihr	x
Vögel	x
und	x
Vöglein	x
,	x
höret	x
mich	x
an	x
!	x
Zur	x
Sonne	x
wolltet	x
ihr	x
mir	x
zwar	x
nicht	x
fliegen	x
,	x
und	x
ich	x
werde	x
es	x
auch	x
nie	x
mehr	x
von	x
euch	x
erwarten	x
,	x
noch	x
verlangen	x
,	x
aber	x
für	x
den	x
armen	x
,	x
kleinen	x
Zaunkönig	x
,	x
der	x
mehr	x
gewagt	x
als	x
der	x
stolzeste	x
von	x
euch	x
,	x
nehme	x
ich	x
euer	x
brüderliches	x
Mitgefühl	x
in	x
Anspruch	x
.	x
Gebe	x
ihm	x
jeder	x
von	x
euch	x
eine	x
Feder	x
,	x
damit	x
ich	x
ihm	x
ein	x
neues	x
Kleidchen	x
davon	x
machen	x
kann	x
!	x
‹	x
Nun	x
predigte	x
Christkind	x
keinen	x
tauben	x
Ohren	x
;	x
an	x
diesem	x
Werke	x
beteiligte	x
sich	x
jeder	x
gern	x
,	x
und	x
jeder	x
wollte	x
dabei	x
der	x
erste	x
sein	x
.	x
Schöne	x
Reden	x
halten	x
und	x
milde	x
Beiträge	x
sammeln	x
,	x
das	x
ist	x
gar	x
nicht	x
gefährlich	x
,	x
sondern	x
sehr	x
angenehm	x
und	x
gibt	x
Ehre	x
und	x
Ansehen	x
vor	x
der	x
Welt	x
.	x
Der	x
Dompfaffe	x
und	x
die	x
Nachtigall	x
stellten	x
sich	x
an	x
die	x
Spitze	x
,	x
forderten	x
die	x
Federn	x
ein	x
,	x
und	x
letztere	x
flötete	x
ihre	x
Bitte	x
so	x
süß	x
,	x
daß	x
keiner	x
widerstehen	x
konnte	x
.	x
Die	x
Elster	x
ermahnte	x
mit	x
lauter	x
Stimme	x
ihre	x
ganze	x
große	x
Bekanntschaft	x
,	x
bei	indirect
dem	indirect
milden	indirect
Werke	indirect
nicht	indirect
zurückzubleiben	indirect
,	x
und	x
versicherte	x
jeder	x
mann	x
,	x
sie	indirect
gäbe	indirect
zwei	indirect
Federn	indirect
.	indirect
Die	x
müssen	x
aber	x
verlorengegangen	x
sein	x
,	x
denn	x
man	x
hat	x
niemals	x
eine	x
davon	x
auf	x
Zaunkönigs	x
Leib	x
entdecken	x
können	x
.	x
Und	x
doch	x
gab	x
es	x
einen	x
unter	x
den	x
Vögeln	x
,	x
der	x
den	x
ernsten	x
Ermahnungen	x
des	x
Dompfaffen	x
und	x
der	x
süßen	x
Stimme	x
der	x
Nachtigall	x
widerstehen	x
konnte	x
.	x
Das	x
war	x
der	x
Uhu	x
.	x
Er	x
erwiderte	x
mürrisch	x
,	x
die	indirect
ganze	indirect
Geschichte	indirect
gehe	indirect
ihn	indirect
nichts	indirect
an	indirect
;	indirect
er	indirect
sei	indirect
ein	indirect
Weiser	indirect
und	indirect
Gelehrter	indirect
und	indirect
betrachte	indirect
sich	indirect
die	indirect
Welt	indirect
nur	indirect
von	indirect
oben	indirect
herab	indirect
.	indirect
Daß	x
sich	x
der	x
Zaunkönig	x
verbrannt	x
habe	x
,	x
sei	x
eine	x
natürliche	x
Folge	x
seines	x
unvorsichtigen	x
Fluges	x
,	x
und	x
er	x
wolle	x
nicht	x
darunter	x
leiden	x
.	x
Es	x
war	x
dies	x
so	x
neidisch	x
und	x
häßlich	x
von	x
dem	x
Uhu	x
,	x
daß	x
alle	x
Vögel	x
darüber	x
entrüstet	x
waren	x
und	x
ihm	x
erklärten	x
,	x
sie	indirect
würden	indirect
nicht	indirect
mehr	indirect
mit	indirect
ihm	indirect
umgehen	indirect
.	indirect
Darum	x
sitzt	x
er	x
auch	x
jetzt	x
immer	x
allein	x
und	x
fliegt	x
nur	x
des	x
Nachts	x
aus	x
,	x
wenn	x
die	x
andern	x
Vögel	x
schlafen	x
.	x
So	x
wie	x
dem	x
Uhu	x
,	x
sollte	x
es	x
auch	x
allen	x
neidischen	x
Menschen	x
und	x
Kindern	x
gehen	x
.	x
–	x
Zum	x
Glück	x
brauchte	x
man	x
Uhus	x
Feder	x
nicht	x
,	x
es	x
waren	x
genug	x
andre	x
da	x
;	x
in	x
einer	x
Minute	x
machte	x
Christkind	x
das	x
neue	x
Kleidchen	x
fertig	x
,	x
streifte	x
es	x
dem	x
Zaunkönig	x
über	x
,	x
und	x
da	x
flog	x
er	x
wieder	x
ganz	x
munter	x
aus	x
der	x
Pelzkappe	x
heraus	x
und	x
sah	x
sich	x
vergnügt	x
um	x
.	x
Dann	x
wollte	x
er	x
sich	x
wieder	x
ganz	x
bescheiden	x
in	x
der	x
Vögelschar	x
verlieren	x
.	x
Christkindchen	x
aber	x
griff	x
mit	x
beiden	x
Händen	x
nach	x
ihm	x
,	x
hielt	x
ihn	x
fest	x
,	x
drückte	x
ihn	x
an	x
sich	x
und	x
sprach	x
:	x
›Nein	x
,	x
du	x
bleibst	x
bei	x
mir	x
,	x
denn	x
du	x
bist	x
mir	x
fortan	x
der	x
liebste	x
Vogel	x
im	x
ganzen	x
Walde	x
und	x
sollst	x
für	x
immer	x
der	x
Christkindvogel	x
heißen	x
.	x
Wenn	x
ich	x
des	x
Nachts	x
ausreite	x
,	x
fliegst	x
du	x
mit	x
mir	x
und	x
pickst	x
mit	x
deinem	x
kleinen	x
Schnäblein	x
leise	x
an	x
die	x
Schlafstubenfenster	x
,	x
damit	x
die	x
Kindlein	x
merken	x
,	x
wer	indirect
in	indirect
der	indirect
Nähe	indirect
ist	indirect
.	indirect
Komm	x
jetzt	x
gleich	x
mit	x
mir	x
,	x
denn	x
es	x
ist	x
schon	x
fast	x
ganz	x
dunkel	x
,	x
und	x
die	x
Kinder	x
werden	x
mit	x
Schmerzen	x
auf	x
mich	x
warten	x
!	x
‹	x
Da	x
setzte	x
sich	x
das	x
Vöglein	x
auf	x
Christkinds	x
Schulter	x
;	x
Christkind	x
nahm	x
sein	x
Kerzchen	x
zur	x
Hand	x
,	x
dann	x
hoben	x
beide	x
ihre	x
Flügel	x
auf	x
–	x
und	x
fort	x
waren	x
sie	x
.	x
Knurrend	x
trollte	x
der	x
Nikolaus	x
hinter	x
ihnen	x
den	x
Berg	x
hinab	x
.	x
–	x
«	x
Der	x
Georg	x
und	x
das	x
Mathildchen	x
merken	x
es	x
sich	x
nun	x
aber	x
recht	x
genau	x
,	x
wie	indirect
schön	indirect
es	indirect
ist	indirect
,	indirect
gefällig	indirect
zu	indirect
sein	indirect
,	indirect
wenn	indirect
man	indirect
sich	indirect
auch	indirect
ein	indirect
bißchen	indirect
weh	indirect
dabei	indirect
tut	indirect
,	x
und	x
nehmen	x
sich	x
fest	x
vor	x
,	x
so	indirect
gut	indirect
und	indirect
bescheiden	indirect
zu	indirect
werden	indirect
wie	indirect
der	indirect
Christkindvogel	indirect
.	indirect
Den	x
neidischen	x
Uhu	x
mögen	x
sie	x
aber	x
nicht	x
leiden	x
und	x
wollen	x
darum	x
auch	x
selber	x
niemals	x
neidisch	x
sein	x
.	x
–	x
Wenn	x
es	x
wieder	x
Sommer	x
wird	x
,	x
geht	x
die	x
Tante	x
mit	x
den	x
Kindern	x
in	x
den	x
Wald	x
,	x
da	x
besuchen	x
sie	x
den	x
Christkindvogel	x
und	x
bringen	x
ihm	x
ein	x
Stück	x
Kuchen	x
mit	x
.	x
